<application>
  <component name="FileTypeManager" version="17">
    <extensionMap>
      <mapping ext="trg" type="DBN-PSQL" />
      <mapping ext="tpe" type="DBN-PSQL" />
      <mapping ext="pks" type="DBN-PSQL" />
      <mapping ext="prc" type="DBN-PSQL" />
      <mapping ext="fnc" type="DBN-PSQL" />
      <mapping ext="tps" type="DBN-PSQL" />
      <mapping ext="tpb" type="DBN-PSQL" />
      <mapping ext="pkg" type="DBN-PSQL" />
      <mapping ext="pkb" type="DBN-PSQL" />
      <mapping ext="vw" type="DBN-SQL" />
      <mapping pattern="test,md" type="PLAIN_TEXT" />
      <mapping pattern="back_add_pattern.xml" type="PLAIN_TEXT" />
      <mapping pattern="使用文档.md" type="PLAIN_TEXT" />
      <mapping ext="jet" type="PLAIN_TEXT" />
      <mapping ext="cer" type="PLAIN_TEXT" />
      <mapping ext="db" type="SQL" />
      <mapping pattern="meun_pattern_list_activity" type="XML" />
    </extensionMap>
  </component>
</application>