<application>
  <component name="PropertiesComponent">
    <property name="ATTACHED_TOOL_WINDOW.DEFAULT.NELE_EDITOR.COMPONENT_TREE.AUTO_HIDE" value="false" />
    <property name="ATTACHED_TOOL_WINDOW.DEFAULT.NELE_EDITOR.COMPONENT_TREE.LEFT" value="true" />
    <property name="ATTACHED_TOOL_WINDOW.DEFAULT.NELE_EDITOR.COMPONENT_TREE.SPLIT" value="true" />
    <property name="ATTACHED_TOOL_WINDOW.DEFAULT.NELE_EDITOR.PALETTE.AUTO_HIDE" value="false" />
    <property name="ATTACHED_TOOL_WINDOW.DEFAULT.NELE_EDITOR.PALETTE.LEFT" value="true" />
    <property name="ATTACHED_TOOL_WINDOW.DEFAULT.NELE_EDITOR.PALETTE.SPLIT" value="false" />
    <property name="ATTACHED_TOOL_WINDOW.DEFAULT.NELE_EDITOR.PROPERTIES.AUTO_HIDE" value="false" />
    <property name="ATTACHED_TOOL_WINDOW.DEFAULT.NELE_EDITOR.PROPERTIES.LEFT" value="false" />
    <property name="ATTACHED_TOOL_WINDOW.DEFAULT.NELE_EDITOR.PROPERTIES.SPLIT" value="false" />
    <property name="ATTACHED_TOOL_WINDOW.DEFAULT.NELE_EDITOR.TOOL_ORDER" value="PALETTE,PROPERTIES,COMPONENT_TREE" />
    <property name="ATTACHED_TOOL_WINDOW.DEFAULT.Preview.PALETTE.AUTO_HIDE" value="true" />
    <property name="ATTACHED_TOOL_WINDOW.DEFAULT.Preview.PALETTE.LEFT" value="true" />
    <property name="ATTACHED_TOOL_WINDOW.DEFAULT.Preview.PALETTE.SPLIT" value="false" />
    <property name="ATTACHED_TOOL_WINDOW.DEFAULT.Preview.TOOL_ORDER" value="PALETTE" />
    <property name="ATTACHED_TOOL_WINDOW.NELE_EDITOR.COMPONENT_TREE.LEFT" value="true" />
    <property name="ATTACHED_TOOL_WINDOW.NELE_EDITOR.COMPONENT_TREE.SPLIT" value="true" />
    <property name="ATTACHED_TOOL_WINDOW.NELE_EDITOR.LEFT.UNSCALED.WIDTH" value="225" />
    <property name="ATTACHED_TOOL_WINDOW.NELE_EDITOR.PALETTE.LEFT" value="true" />
    <property name="ATTACHED_TOOL_WINDOW.NELE_EDITOR.RIGHT.UNSCALED.WIDTH" value="250" />
    <property name="ATTACHED_TOOL_WINDOW.NELE_EDITOR.TOOL_ORDER" value="PALETTE,PROPERTIES,COMPONENT_TREE" />
    <property name="ATTACHED_TOOL_WINDOW.Preview.LEFT.UNSCALED.WIDTH" value="225" />
    <property name="ATTACHED_TOOL_WINDOW.Preview.PALETTE.AUTO_HIDE" value="true" />
    <property name="ATTACHED_TOOL_WINDOW.Preview.PALETTE.LEFT" value="true" />
    <property name="ATTACHED_TOOL_WINDOW.Preview.RIGHT.UNSCALED.WIDTH" value="225" />
    <property name="ATTACHED_TOOL_WINDOW.Preview.TOOL_ORDER" value="PALETTE" />
    <property name="AndroidInitConfigurator.V1" value="true" />
    <property name="AndroidInitConfigurator.V3" value="true" />
    <property name="AndroidInitConfigurator.V5" value="true" />
    <property name="AndroidPlatformName" value="Android API 20 Platform" />
    <property name="CommitChangeListDialog.DETAILS_SPLITTER_PROPORTION_2" value="0.85966384" />
    <property name="CommitChangeListDialog.SPLITTER_PROPORTION_2" value="0.765035" />
    <property name="CommittedChanges.SplitterProportions.0" value="700" />
    <property name="CommittedChanges.SplitterProportions.1" value="500" />
    <property name="Copy.OpenInEditor" value="true" />
    <property name="DART_CHECK_SDK_UPDATE_KEY" value="DoNotCheck" />
    <property name="DART_SDK_KNOWN_PATHS" value="E:/android/flutter/bin/cache/dart-sdk" />
    <property name="Darcula.savedEditorTheme" value="_@user_Darcula" />
    <property name="Default.savedEditorTheme" value="_@user_Default" />
    <property name="ExpandBeforeRunStepsPanel" value="true" />
    <property name="FLUTTER_SDK_KNOWN_PATHS" value="E:\android\flutter&#10;E:/android/flutter" />
    <property name="FileStructurePopup.narrowDown" value="true" />
    <property name="FileTemplates.CurrentTab" value="Includes" />
    <property name="FileTemplates.SelectedTemplate" value="C File Header" />
    <property name="KEYMAP" value="Color Picker&#10;Format" />
    <property name="LOG_FILTER_HISTORY" value="#&#10;##&#10;###&#10;OnStateChanged&#10;mUnUploadTemperatureNmuber" />
    <property name="MTBoldTabs" value="false" />
    <property name="MTBorderPopup" value="true" />
    <property name="MTTabsHeight" value="42" />
    <property name="MemberChooser.copyJavadoc" value="false" />
    <property name="MemberChooser.showClasses" value="true" />
    <property name="MobileminApi" value="21" />
    <property name="PLUGIN_FILTER" value="ko&#10;Database&#10;DataBase Manager&#10;svn&#10;markdown" />
    <property name="SAVED_ANDROID_NPW_LANGUAGE" value="Java" />
    <property name="SAVED_ANDROID_PACKAGE" value="com.lixiaomi" />
    <property name="SAVED_COMPANY_DOMAIN" value="com.xiaomi.recognition" />
    <property name="SearchEveryWhereHistory" value=":&#10;·&#10;;&#10;/&#10;是" />
    <property name="SettingsSearchHistory" value="General&#10;Keymap&#10;gradle&#10;Auto Import" />
    <property name="SplitFileEditor.Proportion" value="0.6097008" />
    <property name="VISIBILITY_SORTER.file.structure.state" value="true" />
    <property name="Vcs.Push.Splitter.Proportion" value="0.47415507" />
    <property name="android-component-compatibility-check" value="1564032622158" />
    <property name="android.apk.viewer" value="0.39048672" />
    <property name="annotationStr" value="@com.google.gson.annotations.SerializedName\s*\(\s*&quot;{filed}&quot;\s*\)" />
    <property name="arrayFromData" value="false" />
    <property name="arrayFromData1" value="false" />
    <property name="arrayFromData1Str" value="    public  static java.util.List&lt;$ClassName$&gt; array$ClassName$FromData(String str,String key){&#10;&#10;        try {&#10;            org.json.JSONObject jsonObject=new org.json.JSONObject(str);&#10;            java.lang.reflect.Type listType=new com.google.gson.reflect.TypeToken&lt;java.util.ArrayList&lt;$ClassName$&gt;&gt;(){}.getType();&#10;&#10;            return new com.google.gson.Gson().fromJson(jsonObject.getString(str),listType);&#10;&#10;        } catch (org.json.JSONException e) {&#10;            e.printStackTrace();&#10;        }&#10;&#10;        return new java.util.ArrayList();&#10;&#10;&#10;    }" />
    <property name="build.toolwindow.Build Output.selection.state" value="com.intellij.build.BuildTreeConsoleView" />
    <property name="build.toolwindow.Build.selection.state" value="com.intellij.build.BuildTreeConsoleView" />
    <property name="build.toolwindow.Sync.selection.state" value="com.intellij.build.BuildTreeConsoleView" />
    <property name="com.chrisrm.idea.MaterialThemeUI.theme" value="OCEANIC" />
    <property name="com.intellij.history.integration.ui.views.DirectoryHistoryDialog.0" value="300" />
    <property name="create.project.preferred.importer" value="Android Gradle" />
    <property name="decompiler.legal.notice.accepted" value="true" />
    <property name="dir.diff.panel.divider.location" value="179" />
    <property name="entityPackName" value="com.hbhanzhi.environfactory.bean." />
    <property name="errorCount" value="0" />
    <property name="fieldPrivateMode" value="true" />
    <property name="file.chooser.recent.files" value="E:/Demo/DataBindingDemo/mvvmbaselib&#10;E:/Demo&#10;E:/Demo/MVPBaseLibApplication/mvplib&#10;C:/Users/Xiaomi/Desktop/MVPComic1&#10;E:/Demo/MVPBaseLibApplication&#10;C:/Users/Xiaomi/Desktop/mvvmDemo-master&#10;C:/Users/Xiaomi/Desktop/GoogleArchitectureDemo-master&#10;C:/Users/Xiaomi/Desktop/MVVM-master&#10;C:/Users/Xiaomi/Desktop/MVVM-Demo-master&#10;C:/Users/Xiaomi/Desktop/androidmvvm-master&#10;C:/Users/Xiaomi/Desktop/WanAndroid-master&#10;C:/Users/Xiaomi/Desktop/coolweatherjetpack-master&#10;E:/Demo/MyApplication&#10;E:/FlutterDemo/flutter_app&#10;C:/Users/Xiaomi/Desktop/flutter_wanandroid-master&#10;E:/ChromeDownload/aip-ocr-android-sdk-1.4.4/ocr_ui&#10;E:/ChromeDownload/OCR_identify-master&#10;E:/ChromeDownload/BaseLibApplication-master&#10;E:/flutter/BaseLibApplication-master&#10;C:/Users/Xiaomi/Desktop/test/examples/ChatDemoUI3.0&#10;C:/Users/Xiaomi/Desktop/Xunfei/sample/mscV5PlusDemo&#10;C:/Users/Xiaomi/Desktop/Xunfei/sample/speechDemo&#10;E:/myWork/hbhanzhi/android/TrainTemperaturePhone&#10;E:/Demo/XiaomiLibTest/xiaomilibrary&#10;C:/Users/Xiaomi/.gradle/wrapper/dists/gradle-5.1.1-all/97z1ksx6lirer3kbvdnh7jtjg/gradle-5.1.1&#10;C:/Users/Xiaomi/.gradle/wrapper/dists/gradle-5.1.1-all&#10;E:/myWork/hbhanzhi/android&#10;E:/myWork/svn/android/24列车温度监测系统&#10;E:/Demo/MessageForward&#10;C:/Users/Xiaomi/Desktop/MySendEmail" />
    <property name="file.gist.reindex.count" value="41325" />
    <property name="fileTypeChangedCounter" value="17" />
    <property name="filedNamePreFixStr" value="null" />
    <property name="find.popup.splitter" value="0.40535867" />
    <property name="generateComments" value="true" />
    <property name="installed.kotlin.plugin.version" value="1.3.40-release-Studio3.4-1" />
    <property name="io.flutter.analytics.clientId" value="1c3b525a-ee75-443b-8d6b-2a256aba96c5" />
    <property name="io.flutter.analytics.toastShown" value="true" />
    <property name="is_target_26" value="true" />
    <property name="jsonToKotlin_user_uuid_value_key" value="54114e99-be69-4b61-a7db-42a8f6187fe4" />
    <property name="kotlin.lastUpdateCheck" value="1563434412935" />
    <property name="kotlin.plugin.releaseDate" value="1.3.40-release-Studio3.4-1:2019-06-19" />
    <property name="last.used.gradle.home" value="$USER_HOME$/.gradle/wrapper/dists/gradle-5.1.1-all/97z1ksx6lirer3kbvdnh7jtjg/gradle-5.1.1" />
    <property name="newly.installed.api.level" value="25" />
    <property name="objectFromData" value="false" />
    <property name="objectFromData1" value="false" />
    <property name="objectFromDataStr" value="    public  static $ClassName$ objectFromData(String str){&#10;&#10;        return new com.google.gson.Gson().fromJson(str,$ClassName$.class);&#10;    }" />
    <property name="objectFromDataStr1" value="    public  static $ClassName$ objectFromData(String str, String key){&#10;&#10;        try {&#10;            org.json.JSONObject jsonObject=new org.json.JSONObject(str);&#10;&#10;            return new com.google.gson.Gson().fromJson(jsonObject.getString(str),$ClassName$.class);&#10;        } catch (org.json.JSONException e) {&#10;            e.printStackTrace();&#10;        }&#10;&#10;        return null;&#10;    }" />
    <property name="reuseEntity" value="false" />
    <property name="save_add_m_action" value="true" />
    <property name="splitGenerate" value="false" />
    <property name="studio.activity.count" value="10" />
    <property name="suffixStr" value="Bean" />
    <property name="useFieldNamePrefix" value="false" />
    <property name="useSerializedName" value="false" />
    <property name="vcs.log.changes.splitter.proportion" value="0.5505297" />
    <property name="virgoMode" value="true" />
  </component>
  <component name="SvnApplicationSettings">
    <option name="myCheckoutURLs">
      <list>
        <option value="https://110.249.209.134:60443/svn/src/android" />
      </list>
    </option>
    <option name="myTypedURLs">
      <list>
        <option value="https://110.249.209.134:60443/svn/src/android" />
      </list>
    </option>
    <option name="mySvnCommandLine" value="E:\Program Files\svn\bin\svn.exe" />
  </component>
</application>